Season,Commentor,Time Commented,Comment
1,@Chippi_chippi_chappa_chappa0-0,1 year ago,Namita hair style image is national hairstyle of girls
1,@devyadav3861,1 year ago,season 1 was all about seedhi baat no bakwas
1,@shariqaqeel,1 year ago,"Bhai break nahi lag rahe 
Ashneer"
1,@akshaykumarthakur7677,5 months ago,ashneer kaise hass raha hai
1,@learnwithfaisalrh,1 year ago,Who came here to see Ashneer sir
1,@zangmow2684,2 years ago,Wow .. getting a deal with anupam and veneta is ...thats the dream... Lucky girl
1,@dasiyargamerz4419,5 months ago,ha ha ha
1,@RahulKhute-q5q,1 year ago,Literally 8 ads in one video x 2.4 lakh views
1,@himashreekalita1448,2 years ago,Haan wala boy
1,@Factrillion,10 months ago,"""main bolta kam hoon"""
1,@SaranshJain-m5o,1 year ago,Momo maami bani pehli deal lene waali
1,@snehamuralidharan,1 year ago,gujarat me rehke kabhi nahi dekha ye booz. Bangalore already have yulo.
1,@saadpii7449,1 year ago,Those Who Troll Namita For i M Out ... I Want To Tell Those Pplz Namita Is The Highest Investor In 1st Two Seasons
1,@rishabhsingh-gw3gf,1 year ago,No Asheer means bin masale ki sabzi.... Ab Shark Tank pura phika hai
1,@SumitKumar-y9m8s,1 month ago,Watching this very first episode to know more about business
1,@Varchasva-f7h5j,1 month ago,The second contestant smile is so cute
1,@the_legend-boys,1 year ago,50000  apply for this shark  tank
1,@raghavsamanto84,2 years ago,Ashner
1,@Humptydumptyfall,1 year ago,bro be like - yaar bhai ni hai maan jaa
1,@VishalTirkey-z3o,1 year ago,Chal gya bhaiya ji bhitre
1,@subhamroy8032,10 months ago,Delhi boy aman sir says 'momos'
1,@rohanpandey1239,1 year ago,‡§™‡§π‡§≤‡•Ä ‡§¨‡§æ‡§∞ ‡§¶‡•á‡§ñ‡§®‡•á ‡§µ‡§æ‡§≤‡•á
1,@tanushreebishoi,1 year ago,bas stylish dikhne k badle 25 lac  mil gaye
1,@SAHIL_editor__,2 years ago,MOMO MAMI
1,@khirsagarpatel1087,6 months ago (edited),The founder of ùê≥ùê®ùê¶ùêöùê≠ùê® is very ùêàùêçùêìùêÄùêãùêàùêÜùêÄùêçùêì
1,@ayushpatole9743,2 months ago,Raju ki mummy is great
1,@ara-inc,1 year ago,aur vivek bindra 10 din m business sikha raha h
1,@mdtoheed633,1 year ago,Kal sir n show ka name btaya
1,@WYNKZ,2 years ago,Mai bhi khaunga momos
1,@zangmow2684,2 years ago,That's why we like ashner sir and vineta... Anupam is knowledgeable thatswhy we like him but if he keeps on not investing we may change our mind and not to be your fan
1,@sastryvajjala1928,2 years ago,Why vineeta always wants to take higher equity?
1,@annveshaka8398,1 year ago,Soul nourishing food .... she said that
1,@VoiceforReality,11 months ago,Haan
1,@BEC-VISHNURAMT,1 year ago,I eager to see this show but language problem any solutions
1,@PwSheezan,2 years ago,Nice
1,@biradarsantosh-c4s,1 year ago,very good initiative for Indian entrepreneurs as our civilizations had some 12 to 15 creative ideas which were shudh desi innovations were the civilizations stopped and then invasions up on invasions ...good initiative though western synthetic ideas but makes a lot of difference in the market place as far as the employment is concerned. win win always works with the western.
1,@VSK999,1 year ago,I  NAMITA MAM REACTIONS & HER AS WELL.
1,@Huiljdfx,2 years ago,Pappa ne call kari lo
1,@rehanmalik8917,2 years ago,Ya apna idea duniya ko bata chuki hai
1,@abdxlive,1 year ago,Watched For The First Time
1,@MovieAdda-gv5ys,1 year ago,so I am out
1,@paridhinepal88,3 months ago,It's momo not momos
1,@SumitKumar-y9m8s,1 month ago,Honestly speaking I won't have invested in the frozen mom business because the good momos are those only which are prepared freshly right in front of u I don't like frozen momos at all
1,@Chetan-P1,1 year ago,Kon kon shorts dekhne k baad idhar aaya
1,@Khushisunar888,7 months ago,India people please don't pronounce momos. It's momo *
1,@KhushiKhushi-uo2sb,2 years ago,Ya kasa show hy plz batay mjhe samjh nhe arahe
1,@mohdrazaulhaque7357,1 year ago,mai bhi malviya nagar me rahta hoon
1,@Mirror516,1 year ago,Y not English subtitles
1,@Xavier-2.0x,1 year ago (edited),"Shar tank :- season 1.  Sabse accha
  Season 2.  Thoda sa faltu
  Season 3 sabse ghatiya hai
Season 4. He prabhu He harinam krisna jagannatham premanand ye kya hua 
SHARK TANK HI BAND HO GAYA"
1,@yanchenlama8053,4 months ago,Bakwas sharks
1,@poojakashyap4662,1 year ago,Ye show tv me kiss channel me aata h koi bta skta h kya¬ø
1,@Jassa._.odhpuria,8 months ago,Momo mami
1,@mukuswaminarayana5269,2 years ago (edited),Valuation ko adha kardeta hai. 49 51 karlete kamse kam ordinary resolution toh pass kar pata.
2,@madhukarsonawane6203,2 years ago,"Pitcher : Hello Sharks! I am Mr ..
Namrata : I am out!"
2,@noquestions7443,1 year ago,Pitchers don‚Äôt even take Namita seriously
2,@Sonu_kumaRRR,2 years ago,As a sales marketer hote hue main piyush sir se agree karta hu ki .... Consumer kabhi kisi ke loyal nahi hota aur ashneer Grover ki bhasha me kaha jae to ... consumer se bada dogla koi nahi hota
2,@abhiAJ001,1 year ago (edited),: Aman is not able to understand the financial jargon used by Anupam  he be like ayein
2,@sly9110,2 years ago,Anupam always coughs when the valuation is High
2,@arunabha_MB,1 year ago,"Everything is temporary.
But.
Namita:..... I am out is permanent"
2,@moleconcept7,1 year ago,Pitch start hone se pehle hi namita be like :- and for that reason I'm out
2,@naturea2499,1 year ago,Please bring baba ramdev in place of namita
2,@ninadaundhkar8844,1 year ago,"Saw 20 episodes on YT back to back, and not a single company Namita invested in XD"
2,@bittusinghal1385,1 year ago,"Anupam is a book in himself. 
It is so interesting to know all the different terms. I think people with knowledge and well read people are rare these days."
2,@JOY-ki5th,1 year ago,Namita: I love your product and for that reason I am out.
2,@waniya21,2 years ago (edited),She always has this fake smile on her face while saying i'm out
2,@ankitk1291,1 year ago (edited),Namita asking about numbers  she is acting shark.
2,@shubhamvishal,2 years ago,I think Shark Tank will boom only when all videos are there on YouTube
2,@bittusinghal1385,1 year ago,Namita is in a hurry and the first one to say I am out. It feels like she has a clear mind of which areas she doesn‚Äôt want to invest and finds reasons to justify that and when there is no reason she says she doesn‚Äôt have expertise.
2,@LitHaxor,1 year ago,I thought Chatur 'Silencer' Ramalingam from 3 Idiots came here to pitch.
2,@massagewalaofficial,1 year ago,Very true. Customer relationship and financial metrics are 2 different things.
2,@shrutimarathe4749,1 year ago,Anupam has knowledge of everything
2,@EpicBunty,2 years ago,that last guy was too good. and so was the cheese business. the silliest thing I find is the talks about TAM and customer market and whatnot. all of that keeps changing all the time.
2,@maheshbhatt8115,1 year ago,"Last wala such me samjha ni paya thik se bht points the warna
1. Apko apna money block nahi krna h sirf 5k me use kr sakte
2.Agar ap state change krte ho to paper transfer gadi transfer jesi problem ni subscription khtm krdo
3.aap different different vehicles ka experience le sakte
Baki service maintenance etc to bta hi Diya tha wo"
2,@yadaventertainment6744,2 years ago,"At  video edited.   Enterprineur was saying ""kya baat kar rahe hai"" lol"
2,@funtube7858,2 years ago,Mujhe lagta hai mam ka favourite line hai I am out
2,@manavpatra4808,2 years ago,"As someone of Indian origin who has lived overseas (in the land down under) for over 3 decades, it brings an extra wide smile on my face to see Mera Desh evolve and progress into a bright, sparkly future. A plethora of new business ideas, both socio-economic and progressive combined, that even here in the West, we fail to envision. India mein talent ki koi kami nahin hai, bas ek support system ki kami thi jo ab poori hotey dekh raha hun... and Shark Tank India is one of them key portals to success. 
Carpe Diem dear young curious minds. The world makes room for those people who know where they are going."
2,@nabeelahmad8802,2 years ago,Namita is always OUT
2,@hardikvasoya8232,2 years ago,I merely like the way Aman sir deals
2,@inmate_-tn1gd,2 years ago,Namita takes the least risk
2,@sujalvighne7229,2 years ago,Ye chatur yaha kese agyaa
2,@Abhinav_gyan,2 years ago (edited),he is right wo on average 21% bta rha hai dono ka mila ke
2,@shabbirahmedshabal6452,1 year ago,"Iam strongly agree with piyush 
Dusre ki gaadi log thod dete hai
Isi vajese bounce rental bike service company fail hogai"
2,@madhumeetable,1 year ago,Namita comes to chat! She is out before the pitch
2,@shankarsinghnegi6339,2 years ago,Middle class bs cheese chahta h ..bdiya h fresh h ..thoda bhut thik h chlta h ..kyuki unko vo pach jata h
2,@anubhavagarwal6040,1 year ago,Iss pure episode mein teeno companies mein se namita ne ek mein bhi invest krne ka try nhi kara
2,@samarth-bansal,2 years ago,This season I believe is much more serious than the last one
2,@somireddysricharan0509,1 year ago,Disclaimer is going like rocket
2,@PitchingFish,9 months ago (edited),"Cremeitalia
 Nawgati
 Swytchd"
2,@Jrzeus276,2 years ago,Missing ashneer
2,@badshah.KGJ7,1 year ago,She always out
2,@fullmoon7786,2 years ago (edited),Kya sharks ko khana nahe mila tha jo itna fast pace mey ja rhay thay ye  !?
2,@pawankumar-hg9we,1 year ago,Most of the Start ups come in shark tank india are serves amiro ke chochale
2,@rockstarprashantpanth1545,2 months ago,"I can hear Their voices, please increase more background music Sony and Shark Tank so we can't hear Pitchers and enjoy your music more"
2,@banlyngdoh94,2 years ago,Namita is just am out... Dont deserve that seat
2,@vaibhavthathola1850,1 year ago,Most of these startups will close in a year
2,@bansal6370,2 years ago,He look like Rohit Sharma totally Puzzel
2,@bholenathmahadev111,2 years ago,Nahi Aman ne sahi bola ki ye amiro k chochle hn
2,@walia3523,2 years ago,I am out vinita per jchta h
2,@Atanu_Adhikary,1 year ago,Namita:
2,@Deepakkumar-tz6tj,1 year ago,Bhai  lake release krye vedio ye Sony wale jabki ashneer h hi nahi abki bar is season me
2,@storeofstory7800,2 years ago,"Namita khali khate hi gaye, investment karna padega mam"
2,@The_Gupta,1 year ago,Bro glt Italian boli starting main
2,@Kubecr,1 year ago,"I swear this namita everytime finds something a excuse which is ridiculous, it seems like she is trying to nitpick from the get go to look for a way to not invest , she should probably stick with ""expertise nahi ha"" atleast that way she is saying true Rather then giving a BS feedback to the entrepreneur and also demotivating him."
2,@ALLDRAMASCHANNEL,1 year ago,"Ameeron ke chonchlay tou nahi hai yeh cheese ... kuch bhi bolta hai aman Ô∏è 
 bholu founder cutie"
2,@sindhu-x9e,2 years ago,Namita is out. Always.
2,@vinayvy1495,2 years ago,Dosa nahi hey Bhai....Dose...
2,@SaurabhSrivastava-s2r,1 year ago,navgati is a hindi word meaning innovation.
2,@koyelbasu8082,1 year ago,350-355‚Çπ middle class family main ek cheese kharidne ke liye bohot hi mahenga hain and wo kharide vi nhi
2,@aJ.13,2 years ago,"After electric cars arrive, their business is done"
2,@maheshchalva1796,2 years ago,"Every pump is connected to automation now a days ,with companies monitoring on real time basis the traffic and the dispensation data,unit wise ,"
2,@dvd-deciusvideosdaily5030,3 months ago,AMIT JAIN
2,@ALLDRAMASCHANNEL,1 year ago,deal close hui thi 66 lakh 3% equity ... galat show kar rahe ho sony bhai
2,@AshishSingh-ec2sb,1 year ago,"Namita's all time dialogue
For that reason I'm out"
2,@Riponsk-hv1td,1 year ago,Ye burrata aur gandata iise accha guun khalo freeze karke
2,@abdulsami3750,2 years ago,pov ashneer hates shark tank but they still use jis mame as hashtag
2,@AjaySingh-kt3le,2 years ago,"Amit aye the for closing, dikhe ni"
2,@pt.anupamtrivedi5598,1 year ago,Out out out out namita
2,@shivamchoubey3735,1 year ago,I dont know why they have introduced Namita in shark tank. She is out for 90% proposals for non relavent reasons. She only chooses 5-10 cr valuation if she agree at all.
2,@tmwork5424,1 year ago,Yar Sameer deal mil jatay agar aap kehty Kay ye rent a car Ka business hai subscription based short term and long term both options are available.
2,@AkhlimaKhatun-s5j,2 years ago,"Pata nhi Kyu namita avi tak shark hai... Jabki har pitch pe ye same dialogue marte h ki "" Ye jo business hai ispe meri expertise nhi hai  for that reason I AM OUT"""
2,@sushantabiswal1644,1 year ago,"Sir ji main chota sa sachet clinic plus big market, Tresemme bhi sir agaya na price maine nahin rakhta ,Sachet ka price 4,6 rupees main bhi log kharid te Hain.Unpredictable  plays major role."
2,@MuhammadBilal-ek4xx,2 years ago,Ab Subcontinent badal raha hai
2,@rohitbugdane6417,2 years ago,Broing
2,@osamaejaz-k9r,1 year ago,If you know he cant invest in these type of companies why not add a shark who can actually consider. Piyush probably
2,@debojeet1993,1 year ago,"The vision of Nawgati is good as far as it's Aweg dashboard is concerned but as Anupam said if they don't capture a huge customer base in quick time and if they don't protect this ""tech"" Of theirs, they will we swallowed by the same government fuel companies that they are catering to or eyeing to cater"
2,@lionsher4951,1 year ago,Anupum mathematics is very sharp
2,@noquestions7443,1 year ago,Bhai uss ne woh 3 min me yeh bola hota ki Ek hi model puri life kyun chlaye why not try new model every 3 years and enjoy difference and change in life rather then stuck to something & make a long term commitment with one vehicle
2,@adeelstoryworld,1 month ago,Namita: I have to go home so I am out.
2,@MKs_vibeslayed,2 years ago,bro so good
2,@nishatamanna9621,1 year ago,are you skipping namita part as you Knew the result?
2,@kahaniokipathsala9681,2 years ago,Lenckart ka ad band karo
2,@NasirKhan-vj8mi,9 months ago,Kis angle sa lagta hai yeh nawgati ke 3founder 23saal ka hai atleast 30 ka toh lagtay hai
2,@IT_AMAN_TECH,1 year ago,Bhaiya Age Kitna Chupate Hai !  seedha 5-8 Saal chota hi btate hai khud ko ...
2,@aaveshqureshi3916,1 year ago,Request for you tube can u skip Namita comments...
2,@justicek4527,1 year ago (edited),There is no such thing as fresh cheese. The cheese has to be aged for full flavor. I don't know why Namita is raising that point.
2,@ashwinikumar6373,1 year ago,maine boat ka product use kia hai but unka quality bohut poor hai.
2,@the.english.channel.,1 year ago,The music is sooooo irritating!!
2,@akanshajyoti2717,1 year ago,Namita inn kab hoti hai ?
2,@progamers6415,2 years ago,Wow
2,@Traventure_official,2 years ago,Lol
2,@SmilingCamera-rz6hs,1 year ago,Mai shark tank dekh ke hi enterpuner bnn jaounga
2,@husnaingillani5031,1 year ago,Namita must be out of shark tank too
2,@HerDailylife-4,1 year ago,‡§ú‡•Ä
2,@Geebees578,2 years ago,Chatur?
2,@linearvector2835,1 year ago,I wish there was Asneer instead of Namita.
2,@hasanmandhra1,10 months ago,Abhi bata deta hu Namita out hai
2,@rajhazarika9097,1 year ago,For that reason i am out
2,@PriyanshuGarg-k9d,1 year ago,Ye namita ko rkha kyu h
2,@shanvi4797,1 year ago,Kya in five sharks / C se badkar koi investor nahi hai kya apne Desh main
2,@tiaraessex7351,1 year ago,Why does Namita exist on this show?
2,@Travel_diary310,1 year ago,"Namita just tries to find reason to get out .sari conversation mein andar andar sochti hogi ,kab niklege iss k muh se wo baat jis ko pakad k mein out ho jao aur izat b bache"
2,@sauravjyoti7499,2 years ago,Namita ko rakha kyun hai yr...hamesha out hi hoti hai...show se out hi kar do yr isko
2,@theinnovator7813,1 year ago,Most useless shark? NAMITA it is
2,@dtu54ster,2 years ago,Paid promotion channel
2,@ShoxG,10 months ago,"Whenever namita starts speaking,i just skip the part."
2,@brunbarbatista,1 year ago,Namita is comedy
2,@nishanthdas375,1 year ago,Don't take Namita in Season 3
2,@junaskhunti5648,1 year ago,I'm out is compulsory
2,@harileelaagroatbidarbhavi6726,1 year ago,For that reason I m out .......its constant
2,@shanvi4797,1 year ago,"This show is only made for the sharks, if it is so much good why no richest family of India come and invest on this platform, only these five sharks are making money on Indls Ideas.. , . I would request govt and Ratan tata sir to help and support...."
2,@shubhamrules,2 years ago,Fake person is Anupam Mittal and his company
2,@610sidhidkhanna9,2 years ago,namita ji ko bs koi reason chahiye out hone ka. I don't think she is a risk taker
2,@bharatsinheditz1581,4 months ago,Namita ko shark tank se he out kare do
2,@Fanpool,1 year ago,Namita ko season 3 se out koro. Isne company kese bana liya
2,@AparnaGoswami-o3c,1 year ago,Namita out bolney aur style marney ati h
2,@LiyaAkash-g9k,2 weeks ago,Aj mari Ami ny mujhy mara for that reason I'm out ...
2,@thebond2793,2 years ago,Boom hulchul
2,@RajUltra,1 year ago,Who saw MOHAMMED SALAH in this video?
2,@thakurGcodm,1 year ago,I am 20 yo and waching this video
2,@Captain777VPZUU,1 year ago,Kon kon namita wali speech ko skip krke aagey jata h qki pata h ye I'm out hi bolegi
2,@altafbhai6480,1 year ago,Namita ki hamesa ke liye out karo bhai
2,@mradulrajsingh7628,1 year ago,Ye namita ko htao yr mahol bigadti h hamesha
2,@10DUP-IMFT,1 month ago,Namita ka sabse favourite delog for that reason I‚Äôm out
2,@alibrothersdub1064,1 year ago,I am out
2,@ravihalai3033,1 year ago,"Wel come to shark tank of. India


Namita. Thapar.   I am out"
2,@CBS_official,1 year ago,I am out
2,@avinashmoka7252,2 years ago,"Corporate politics, guys, these people accept only companies that are not close to them"
2,@arshadcheulkar2109,1 month ago,Bhai koi iss namita ko shark tank se hi out kar do
2,@rohitgour2896,1 year ago (edited),For that reason i am out..
2,@hammadkh5,1 year ago,Because anupam is kanjar thats why he always coughs on high valuations
2,@walsdevin,1 year ago,Fake..I am out..useless
2,@gdgehsbsbshs6927,1 year ago,i just dont like this man
2,@Nobs-c1n,10 months ago,Namrata is a meaningless person in this show
2,@hinelsavani,11 months ago,25.15:Khud out hai aur dusaro k decesion me duniya bhar ki jaldi hai...
2,@vishukumarsharma700-ub8hc,2 years ago,Hello bhai ye sirf idia leke dusre ko bechne ka kaam karta hai aur nahi to khud karega
2,@muhammadjunaidsaeed1373,2 years ago,namita is useless
2,@FS-j3p,1 year ago,"I hate watching this show because the background score and sound effects are deafening and drowns out everything!! If decrease volume u won't be able to hear the dialogue, even if one keep vol to a moderate level just enough to hear the dialogs the background score can be heard from every corner of our home, I wish sony had listen to a different pitch before starting this show or at least watch one before airing it.... Or are they plan to launch in hearing aid industry??? There is no fathomable explanation why one would deliberately keep doing so, im amazed nobody have broth this up!! @sharktankindia"
3,@namansparakh7083,1 year ago,Ritesh being a shark wearing a dolphin tshirt
3,@passionatep1482,1 year ago,"Rest come to make money. 
Ritesh come to earn love !!!"
3,@Carolhope1236,1 year ago,"Vineeta Ma'am, iam sure your professor is very proud of you"
3,@BilalKhan-ff6vr,1 year ago,"Ritesh acha banda he <3 He is a real gem, Love from Pakistan <3"
3,@khushbooparihar6185,8 months ago,I literally about to cry when they all started reading letters and special Vineeta
3,@Yahoohulul,1 year ago,Diamond deal. Aman acted like a shark. Literally. He pushed for 6%. Amount of pressure to take the deal or not. Too smart.
3,@faryalwilliam9167,1 year ago,How come none of them asked dark room ladies yeh in sb ke ghr walon tk pouchy ksy??? It must have been interesting to hear
3,@bishaladhikari9572,1 year ago,Anupam Mittal sahab Ironman ko replace karne Gaye kya
3,@taimoorkhanofficial0,1 year ago (edited),"in every video the comments say he is best shark that is best shark.
No shark is best, Lets start seeing the Founders who are good and not"
3,@Sidharrth_333,1 year ago,Aman apna profit dekhta bs
3,@rajvn8952,7 months ago,Royal challengers written in Ritesh & family's photo!!
3,@nzzzzz5,1 year ago (edited),I know Abt this since long. I am from  Surat most of the  jeweller sell us lab certified . It's unsaid fact for us on the basis of rate.
3,@AnoopRanaVlogs,1 year ago,Jwelbox founder ki bolti band ho gayi shark tank ke samne
3,@GauravPandey-f9,10 months ago,jalwa hai bhayi ka
3,@Mehfil_7233,1 year ago,Finally ritesh sir
3,@prithvirajpatil2916,1 year ago (edited),Anupam Ji attendence NOT 100%
3,@nileshw1368,1 year ago,"Girl : toh, Aman ney mujhey diamond ring di. 
All sharks looking at Aman be like : ohHooo ! kyaa chal rahaa hai ? Bhaabhi ji ko bataa dey ? 
Aman : haaiinn ! Meyney ?!  ( ruko jaraa.. yaad karney do..  )"
3,@Travelwithvikaas,1 year ago,Kon kon entrepreneur banega yaha
3,@trendsoffootball1949,1 year ago,"all mushrooms are edible 
some can be consumed only once"
3,@mohamedhusainnanji9405,1 year ago,We have jewelry shop in Houston & we sell natural & lab diamonds. But as of now here people in America prefer for lab & mozanite & CVD diamonds jewelry
3,@ShwetaChopra1108,1 year ago (edited),"Jewel box should have left the deal. Aman was being an ah and he is anyway kinda dumb and doesn‚Äôt understand that lab grown diamonds aren‚Äôt artificial jewellery even after all that explanation. They lost out. You have to know to pick your sharks - Ritesh, Vineeta and Piyush are so much better. They would have come chasing, tell them no thanks we want to partner with people who care about the business in the long term"
3,@KUD6174,1 month ago,This is a real shark syndicate
3,@laylamano782,1 year ago,Aman to upset  ho gya tha sudden
3,@MohanSinghRajputUSA,1 year ago,Shark tank ko dekhar kon kon entrepreneur banne ke sapne dekhne laga hai
3,@theamrendravoice8569,1 year ago,Maine bhi yhi se expertise leke businesses khola tha lekin chla nhi
3,@vishalsahu3872,1 year ago,Jalwa h ritesh bhai ka
3,@M-u3k,5 months ago,"Similar way, grand parents can be encouraged to write letters"
3,@thenvironmentalist,11 months ago,"Daak Room really stood out for me as a business with the potential to be a world changer, and to bring people together. How wonderful!"
3,@sharrux1784,1 year ago,Who else is watching from Pakistan like krdo
3,@newazsharif2116,11 months ago,"When entrepreneurs agree with sharks offer then entrepreneurs made the right decision. Otherwise entrepreneurs is stubborn, not flexible"
3,@Milind1973-y7d,9 months ago,5 % pe done karna chahiye tha 1% each
3,@Another_possibility,1 year ago,It's not necessary that whatever works in US works in India also like marriages
3,@sanjeevsharmadnnfnd,1 year ago,Aman n moke ka fyada uthya ki unko five sharks chiye.......barna eske alba 4 b join karte
3,@mayankmalhotra222,1 year ago,"i always wonder about the stupidity of ""All shark""Deal"
3,@AmitChhaperia,2 weeks ago,They should have not asked for 5 shark deal and gone for better valuation
3,@ActuallyDibs,1 year ago,Bkl Aman Gupta
3,@selfrefute,1 year ago,"Few thoughts. Moissanite and lab grown diamonds have been around for ages, even in India. I bought my wife a moissanite ring some 10 years ago from Fiona Diamonds. Surprised the sharks werent aware of this category.
As for the mushroom pitch, the sharks (esp Aman) were needlessly rude in dismissing it I feel. Kinda disrespectful in some ways - it was promising and a market which will grow vs. yet another healthy chips brand that they fawn over"
3,@merciful_leo,9 months ago,Nipun looks like Sharyash talpade
3,@BittuPaswan-k5d,9 months ago,Jitna bhi episode dekhta hu me to mere ko Ritesh genuine banda lagte hai  or ak bat or hai jb koi deal nhi deta to ritesh sir de dete hai
3,@sanjeevsharmadnnfnd,1 year ago,Aman n mome ka fyada utha leya
3,@GulGeeOfficialExtra,1 year ago,Aman the real shark
3,@MerryTree-ce5ok,1 year ago,Lab Diamonds kii koi Astrological Value nahii hotii hai
3,@KhanKhan-vd5hb,1 year ago,"Good job Ritesh bhai prove kardeya Aap my Ke Sachay Indian ho yar
Aman Bhai Tum hi Acchay magar kabe kabe sonch k out huva karo yar"
3,@tahirqurashi3038,1 year ago,Very good think daak room jo baat hum khat ke zariye kahesakten wo hum apni ammi maa aur baap abbu se nahi kahe sakte aur ek baat zo bahot ziyada kaam karegi bacho children me respect aur tahezeeb aygi aaj jo hum apne maa baap se batmeezi krte is adadt se bahot achhcha asar padega
3,@sumitdhara2259,4 months ago,Sare sharks ko lene ke chakkar mein sab founders apne valuation ko kam kar lete hai
3,@mbbsalka,7 months ago,Daak room really?
3,@kasturiswami784,1 year ago,"Lab grown diamond is not environmently friendly as it uses a lot of power,which comes from coal,thermal and neuclear with their own pollution. It is just once removed."
3,@mahenderraomesineni,1 year ago,Good information in india
3,@vikasagrawal2327,1 year ago,Nuved mushroom k sath aur product kaam karna chahiye
3,@ZoomMovies.,1 year ago,Original is original bro
3,@UMSHAIKH,9 months ago,saving ka koi fayeda nahi.. sab aunty le jayegi
3,@SarahTenHoeve,1 year ago,‡§®‡•Ä‡§∏ ‡§™‡§ø‡§ö  !!
3,@overnightstore,1 year ago,Startup
3,@PrachiSharma-nz9nx,1 year ago,Ritesh is the best
3,@wth12345,1 year ago (edited),Lol people buy diamond because it's luxury good. If it's cost become 80% lesser than diamond. Than its status value will become equal to iron metal. People buy diamond for status because it is expensive
3,@babarshaheen.,1 year ago,Aaaaammmman‚Ä¶
3,@mehuksuria373,10 months ago,Dimond deal/made mistake buy give more equity to get all sharks
3,@nainaverma9454,9 months ago,Ritesh best hai
3,@maheshjadhav3156,8 months ago,Ritesh saho
3,@faryalwilliam9167,1 year ago,Now I judging all diamond my cousin sister gifted us from USA
3,@MdArmanKhan-wv5rx,1 year ago,Background music  bahot disturb kar rha hai yar baat ko achhe se sunne nahi de rha hai aur sir pe iska music lag bahot rha hai
3,@jahangirmemon3069,1 year ago,All shark deals are usually bad
3,@ayushpandey9903,1 year ago,1 he video ye log 4 bar kyu upload krte h
3,@Dm76555,7 months ago,Nhi karna tha
3,@akchannel6396,1 year ago,Only on Aman Gupta fan like
3,@bhavya3369,1 year ago (edited),GIA lab-grown diamond certify nahi karta
3,@AnilVij-x5n,1 year ago,"""brand name ..Brand symbol ...Brand name brand symbol""... too much gyaan on this from someone with a brand name called Sugar and symbol is ""S""  ..."
3,@sumangautam272,1 year ago,One of the shark's company name is a ripoff of Beats.
3,@arslanahmed1338,1 year ago,Replace riteish wifh anupam
3,@sahilshaikh-h8l,1 year ago,Radhika is wasting her time. She does not Invest anything. She is wasting a SHARK Seat.
3,@sumitinsta24,6 months ago,Pm ko likhna aata hai
4,@Pralad.thapa.kaji25,7 months ago,Wtf  is that Aman Hairstyle
4,@incredulous-,7 months ago,Anupam being a pookie with these little girls
4,@Azmirhossain-s5h,4 months ago,"aman earned my respect. the 2nd girl was lifting her fit for tiredness, it showes 5 min in video but in rea;ity each pitch takes way longer discussion. i noticed them feeling pain standing but nobody asking them to seat. perfectionist anupam also didnt notice. little details are the main thing to know and jydge a person. 


kunal was needed here."
4,@eyhigr7hc,5 months ago,"Aman ka hair style muje bara revolutionary aur innovate laga is liye 
Main aman ka hair pa 1 crore in exchange of 10% of equity in est karna chahoon ga ."
4,@abrarhasanalvi4172,5 months ago,No hate but first speech seems like indian idol
4,@Brutall26_p,7 months ago,"Aman malamal weekly ka Rajpal ""Baaje"""
4,@PawanRLogistics,5 days ago,Anupam is very harsh at times. I appreciate him being harsh because he is harsh when required. He is emotional and intelectual as much as i know. Love the way he is. I get inspires by him. Good job Anupam don‚Äôt change
4,@xxix.viii.mcmxcv,5 months ago,The way Aman said‚Ä¶
4,@PawanRLogistics,5 days ago,Anupam you are generous human being. Don‚Äôt change for humanity
4,@PitchingFish,7 months ago (edited),"Tickle Your Art
 Symbionic
 XL Cinema"
4,@AnjumMomin-id5az,6 months ago,Muje barsose talash thi abnormal bachoki khidmat karna unko improve karne ki khwahish thi aj apka yeh episode dekhke aisa laga ke kaash aisa maoka muje bhi mile Amen Allah bless you all
4,@yashpatil7319,7 months ago,Namita plz deal se out nahi show se out hojao
4,@varungaur9690,4 months ago,Overwhelmed for girls.. But not for blind people's pain.. Pathfetic.. Piyush hota to baat hi kuch aur hoti
4,@jaiswal_pranay,6 months ago,Namita need to learn some manners ....
4,@universemaster9889,7 months ago,Mr srikanth is daredevil without seeing but he see everything with his knowledge and wisdom
4,@2024selection,6 months ago,Aman sir literally looking handsome if we dont talk about  hairstyle  ...
4,@rustamkathat3261,7 months ago,Anupam and aman Ô∏è
4,@mihir4321,5 months ago,Jeet is THE WHALE that could eat all sharks
4,@Gauri-xe1oo,6 months ago,"""Wow, I was totally hooked from start to finish!  The way  presented their products was so creative and unique!  No wonder Namita was super impressed! Can't wait to see how their journey unfolds.  Definitely a game-changer in the art and decor space!  """
4,@vishwavishwas6611,2 months ago,Aman and anupama both they are true  sharks  love you brothers
4,@GaneshDoiphode,6 months ago,"Big Respect to u sir 
‡§≠‡§ó‡§µ‡§æ‡§® ‡§®‡•á ‡§π‡§Æ‡•á ‡§∏‡§¨ ‡§¶‡•á‡§ñ‡•á ‡§≠‡•Ä ‡§π‡§Æ‡§®‡•á ‡§ï‡•ç‡§Ø‡§æ ‡§ä‡§ñ‡§æ‡§°‡§æ"
4,@1rfanshaikh_1,1 month ago,Aman hairstyle like reverted muslim GenZ
4,@QUAZI__AASH__,1 month ago,Aman sirr ur hair style in this ep
4,@Gauri-xe1oo,6 months ago,"""Wow, what a pitch!  The last pitcher really brought something fresh to the table. Their passion and vision were clear, and I can totally see the potential in their idea. It‚Äôs always great to see entrepreneurs who are so determined and ready to make a change. Hope they get the backing they deserve!  """
4,@slayer55556,4 months ago,Is this ashish Solanki?
4,@Newswale05,2 months ago,Expertise
4,@shashankpurohit,5 months ago,stil not improved bhai Srikanth laga dete
4,@FarhanRaza-r6i,4 months ago,Best Episode ever.
4,@sushantabiswal1644,3 months ago,Anupam sir best hain.
4,@PeaceMaker_1997,7 months ago,Bring Vivek Oberoi to Shark Tank
4,@rockinsashna,7 months ago,PR epiode of Adani
4,@bloxyyboi,2 months ago,TRULY-AN-HONOUR-FOR-SHARK-TANK-TOO-HAVE-MR-SRIKANTH-i-coukdnt-imagaine-living-a-day-without-my-eyes-he-conquered-the-world-even-without-them-truly-amazing-and-wonderful-my-deepest-respect
4,@Gauri-xe1oo,6 months ago,"""Honestly,  totally nailed it!  But that moment with the bionic hand? Not the right fit for them, IMO. Sometimes it‚Äôs not just about the tech, but how well it fits with the brand. Still, really excited to see what they‚Äôll do next!  """
4,@Rockycooldude,7 months ago,namita ko nikalo yaar show see
4,@dhananjyarai7226,3 weeks ago,Great deal
4,@axlamazingxpressltdtruckin5917,3 weeks ago,good
4,@ashwina1470,7 months ago,Aman Aman Aman‚Ä¶..y‚Ä¶‚Ä¶
4,@SatendraSingh-u9r,6 months ago,Aur 1 chiz to koi notice hi nahi kea jiske karan hm comment section me aae the .ki acha h kisi ka v respect krna unko value dena pr anupam 2 bar jeet se aise mil rhe the jaise ki unke sir ya owner h jeet respect krna chae hm v krte h bda aur chota 2 logo ka pr aise v nahi ki unka gulam jaise ki aae to bs khade hokr daud jae .qki unke alwa 4 aur v sharks the srikant g to chale nahi uthe pr Namita kuch jyada hi rude jaise lagi ki thik h anupam jaise nahi krna tha pr itna v nahi ki jb wo milne aae to apni chair se uthna v nahi .baki 2 thik the ki ha aae h to milna h bat chit krna h unke sath . hmko yahi lga bs
4,@audumbargawali7160,4 months ago,nice one
4,@yashvishah4702,5 months ago,"idky I don't like Shrikant here in SharkTank. He talks so rudely and without any empathy. Honestly, out of all sharks he seemed to be the most concerned about business model, money etc"
4,@ravendrasingh6269,2 months ago,Aloo khaoge
4,@Kunvarnaama,5 months ago,"‡§â‡§¶‡•ç‡§¶‡•á‡§∂‡•ç‡§Ø ‡§ï‡•Å‡§õ ‡§≠‡•Ä ‡§π‡•ã ‡§Ö‡§¶‡§æ‡§®‡•Ä ‡§ó‡•ç‡§∞‡•Å‡§™ ‡§ï‡§æ, ‡§™‡§∞‡§®‡•ç‡§§‡•Å ‡§™‡§∞‡§ø‡§£‡§æ‡§Æ ‡§µ ‡§™‡•ç‡§∞‡§≠‡§æ‡§µ ‡§∏‡§ï‡§æ‡§∞‡§æ‡§§‡•ç‡§Æ‡§ï ‡§π‡•à"
4,@Dancqirudbsnrjfb,5 months ago,adani is also a writer now......
4,@ea3_4.1,3 months ago,sach baat hai kyo koi shanti se rahe sukoon se rahe.  Ye bollywoodiya jehar aur gandh unko bhi to milna chahiye.. unke saaf maan ko bhi to polute krna chahiye.. i totally agree. Kitni kamal ka content ban rha hai aajkal. Thoda zehar to unko bhi chaihiye..
4,@AbhishekDubey-j9p,1 month ago,‡§Ø‡§Æ‡§® ‡§ï‡§æ ‡§π‡•á‡§Ø‡§∞ ‡§∏‡•ç‡§ü‡§æ‡§á‡§≤ ‡§∏‡§≤‡§Æ‡§æ‡§® ‡§ñ‡§æ‡§®‡§ú‡•à‡§∏‡§æ ‡§ï‡•ç‡§Ø‡•ã‡§Ç ‡§π‡•à
4,@moh3242,7 months ago,# Bring Vivek Oberoi Sir To Shark tank.....
4,@ItzYash575,6 months ago,Arey bhai yeh Aman ke baal ko kya hua
4,@AseemAggawral,1 month ago,"Mukesh Ambani spend cores on bollywood and even increment the jio bill. On other hand Andani donated and do not choose luxury wedding.
This show two complete opposite contrast of human behaviour. Later is always good for the society"
4,@bagadbilla_bandar,3 months ago,Amar ko chhapri bana diya ye kaun sa hair style hai yaar
4,@chetanmurarka4850,7 months ago,"Nothing wrong.. everyone promotes themselves.. then y not this fellow.. 
i sensed arrogance in the episode by shark.. shows what kind of leader one is.. not a good 1. 
If he is doing ket him do.. do what u can, help what u can, contribute what you can."
4,@YashdipSalvi,7 months ago,Ab adani farma ki ma ben ek kar denga
4,@Shabnumiqbal-ln5sl,2 days ago,blind shark is so over confident
4,@GiriT10939,7 months ago (edited),"The blind shark, Mr. Srikanth Bolla is a much better ‚Äúmentor‚Äù than Adani ka PR putr"
4,@pinkydavid7761,4 months ago,I hope Adani will stop smuggling  drugs thorough their ports
4,@hashtagOOTD,6 months ago,"Dear Aman, pls fire your hair stylist"
4,@kiminthemix4251,6 months ago,India ka yahi problem hai.. Imotional card khelo..aur views kamao..looks very cheap
4,@Ghost-Haunted-1,7 months ago,I am Shak tank new founder
4,@pinkydavid7761,4 months ago,I am out
4,@waytt6,4 weeks ago,They have no shame calling scammer in the shark tank india
4,@pinkydavid7761,4 months ago,I am upset that shark tank India supporting  wrong people who are against india
4,@iskgameingfreefireofficial5976,12 days ago,E kana shak ko q liya laar har jaiga me ungli karna hai dekhai nehi deta hai ungli idhar udhar ghusa deta hai.
4,@mohammadshakil7495,3 months ago,ASHNIR k bina adhure sharks
4,@peytonyeh,3 months ago,Baaaaad drawer
4,@prajju4227,6 months ago,Namitha ki arrogance dekho
4,@soulshroud9815,4 months ago,Aman looking chapri
4,@myrealstoryPS,6 months ago,"Hello Shark  investment 1cr to5,cr 60 to 80  benifit parsenthamari Kam he banjar Jamin ko Hari Ali me badna be Ghar ko Ghar dilana jorut mondoki jitna hopae modat karanaa Naa ham All line me atehe Naa off'line me"
5,@kaustuvghosh2209,5 months ago,No Narayan Murthy was hurt in this video
5,@Aditya_Talla,5 months ago,"this creativity stunt shows the confidence of the sharks!!! to those who still crave for 9-5, this sarcasm will hit hard"
5,@karoldbritto5199,5 months ago,The most creative and awesome add i saw in the era of boring and irritating ads .
5,@global365.,5 months ago,"L&T's S. N. Subrahmanyan 
AM Naik
Amit Chadha
all are in this league"
5,@X2beta2,5 months ago,Shark tank cooked with this ad
5,@joshjohnson-k9b,5 months ago,What an AD yaar hats off!
5,@vancityakash,5 months ago,Naryan Murthy wants to know your location
5,@himanshu_babbar,4 months ago,"That kaana Billionare after watching this 
Mujhe kyu toda"
5,@Aman-3452,4 months ago (edited),"One of best Ads I have ever seen in my entire life.


This video deserves atleast 100 Million Views."
5,@rahulagawane3489,5 months ago,Writer of this commercial need a raise also great job hats off.
5,@Dogeshbhai_161,3 months ago,Rest in P.P.T
5,@ManavDhakar,4 months ago,"Sony Entertainment television or Sony LIV 


Ab aaya na line pe"
5,@CentreForPranicHealing,5 months ago,Narayan Murthy must be getting goosebumps. The L&T CEO must be upset that they are only advocating for a 70 hour workday.
5,@OG-VeVi,4 months ago,this confidence comes after hosting 4 successful seasons
5,@rahulmittra6592,5 months ago,I Loved playing Raghuveer Mehra in this brilliant TVC
5,@prashantpandey4518,5 months ago,When imperial blue writer meet fevicol ad team then this types of advertisement comes
5,@suranjan.,5 months ago,"Brilliant, I never seen before such advertisement !!"
5,@bhaveysingh6303,5 months ago,Thats really something which entertained me quite impactfully.
5,@cannot-handle1,4 months ago,Best ad i ever seen in my life
5,@Gauravjangid95,5 months ago,"Advertisement on it peak 
Sony cooked with this"
5,@Shubham-mu5ud,1 month ago,Is this tanmay bhat's idea or vishal
5,@Plus_infinity,4 months ago,They really cooked a nice meal with the use of Reverse Psychology
5,@fakeinsaan-v7q,4 months ago,I am 17 open own computer institute still small but my own and sell computer to students just thx to shark tank i feel so motivated to see new startup on Shark tank
5,@ProvenAssetsGroup,5 months ago,"""Take a minute. Watch this. Sometimes, that‚Äôs all it takes to shift your mindset."""
5,@ayan.debnath,5 months ago,I never dreamed that I will share a ad video!
5,@vinodmathad,5 months ago,A great ad after decades of
5,@sadikaiden9032,5 months ago,Next level roast!!!
5,@Its_Me_Parzival....,4 months ago,"After A Long Time 
Kisi Ne To Kuch Kaha Corporate Employees K Liye 
And Hat's Off For Creativity"
5,@umeshmakode5309,4 months ago,The best advertisement I have ever seen in my life.
5,@Yogesh6174.,4 months ago,"Shark tank intro Ô∏è 
Motivational video Ô∏è"
5,@schizopandit,5 months ago,never seen such a good AD in bharat's history
5,@Tornaproductionofficial,5 months ago,"That‚Äôs exactly what we believe in too you need to have an entrepreneurial mindset and build something of your own.
With that same belief, we started Torna, our own video production business."
5,@XJacktheripperX,5 months ago,This needs more reach‚Ä¶. Masterpiece
5,@ayan.debnath,5 months ago,1st time - Thank you Google Ad system
5,@shivamjha44456,4 months ago,Negative marketing ka kaafi aacha examples dekhne ko mila
5,@newbhajansangamofficial368,4 months ago,Reality of employees
5,@ScaleBiz-bj2bu,4 months ago,Marketing team needs a raise. Or maybe less work hours
5,@chikku-111,5 months ago,Tanmay Bhai OP
5,@AnishShinde-v6f,4 months ago,Such a creative Ad hehe
5,@PrabhasSinghOfficial,5 months ago,Bro voice behind that man I just love it
5,@VivekSale-db6bo,4 months ago,I actually show this ad somewhere else and did't belive to be true so I searched for it and after watching it on STI channel I'm like.......... Sony got too much confidence to upload this ad. But truly speaking the ad is just too good and funny
5,@Mohd_Arsh786,4 months ago,This is the ad I wanted to watch
5,@ezazchowdhury56,4 months ago (edited),Can we take a moment to praise the Person for this idea!
5,@imgauravtiwari,4 months ago,Creativity level at the peak
5,@yourname____,4 months ago,Sir se chat gayab  was epic
5,@anurag_rathore1,5 months ago,One of the best ad ever
5,@prasantabehera433,5 months ago,Dil jit liya
5,@9ihalraza,5 months ago,best ad i ever seen
5,@ArvKumarArya,5 months ago (edited),aaise mt bolo varna sach mein koi nhi aaiyega !!
5,@Valen_Darkmoor,13 days ago,Really a great one
5,@dipudas7024,4 months ago (edited),Best creative and out of the box ad from sony I think this is the first one from them they didn't followed the trend
5,@bhabanisankarsahoo2226,5 months ago,all software engineer realize .
5,@labradorbruno14,4 months ago,Hats offf to marketing team
5,@drishyaeyecare1102,5 months ago,Wow what an amazing ad !!  Superb
5,@NobodyLOL10,4 months ago,My god this is peak creativity
5,@ronalds271,4 months ago,One of the most creative and interesting ad.  It will be remembered and replayed for years to come.
5,@Yogesh6174.,4 months ago,Creativity on peak
5,@‡§∂‡•ç‡§∞‡•Ä‡§∏‡§§‡•á‡§Ç‡§¶‡•ç‡§∞,4 months ago,next level creativity
5,@GrowtHustler,4 months ago,Cooked!
5,@ankitrajdwivedi996,4 months ago,Next level ad
5,@Pratham-ky6iz,4 months ago,One of the best advertisement
5,@theabhishekmittal,4 months ago,Creativity at its peak
5,@baymax1385,5 months ago,Such ad is like those in the 90s
5,@mikey-zz4pg,4 months ago,doesn't see this kind of Masterpiece
5,@AjKingdom-mn5lq,4 months ago,Shark tank became sarcastic
5,@letsmake-TheChoice,4 months ago,"Ye jo sharks banenge wo bhi pane under 10 logo ko kaam par rakhenge, or apna business badhayenge."
5,@ThatsGyanOfficial,4 months ago,i can watch this all day
5,@ytaham.4,4 months ago,The creativity level
5,@flysolo7089,4 days ago,Best ad ever !!!
5,@ashitoshphalake4546,5 months ago (edited),"Hi shark tank india, your advertisement is very nice  thanks for speaking out"
5,@sanskarkhandelwal,4 months ago,"Now this is some peak content,  Hats off Sony Tv"
5,@prathameshgulavani90,4 months ago,This was Namita‚Äôs take on 70 hrs work culture..she raised a voice.. and shark tank took inspiration and made an ad..such a smart move
5,@dunbaski,4 months ago,First Dream 11 And The Now Shark Tank. Who is making this ads idea. So creative
5,@bimalabhattarai8002,4 months ago (edited),Ngl the most perfect add ever
5,@smrofficial620,5 months ago,Keval idea pr apply kar sakte hai kya sarks se paise lekar business start karta
5,@Nahnori,4 months ago,"Loolll
Loving the fun element in ads aajkal"
5,@vineetsingh3258,4 months ago (edited),Iron Man : Gaddari Karbe Jarvis
5,@ApoorvAwasthi-i4x,5 months ago (edited),Most funny and creative ad in years
5,@ShriSanjay,4 months ago,‡§ê‡§∏‡•á Ad ‡§¨‡§®‡§®‡•á ‡§ö‡§æ‡§π‡§ø‡§è ‡§§‡•ã ‡§≤‡•ã‡§ó Ad ‡§ñ‡•Å‡§¶ ‡§∏‡•á ‡§¶‡•á‡§ñ‡•á‡§Ç‡§ó‡•á
5,@RealHumour,4 months ago,Voice Over By BiggBoss
5,@Utkarsh-o9q,4 months ago,All in all this is now AIB has changed the indian entertainment mania
5,@mercury1695,4 months ago,Commenting to help this video reach in everyone's recommendations section
5,@abhishekgoswami69,4 months ago,Ye awaj Bigg Boss ka ku lagg raha tha
5,@abhishekprajapati3554,4 months ago,This ad must must be viral
5,@tahura6017,4 months ago,Best add seen in a while
5,@mr.kapasi1513,4 months ago,Finally shark tank is back on TV.
5,@hasithag3472,4 months ago,"nice reverse psychology, sony!"
5,@SunilSharma-jt4qw,4 months ago (edited),Honest Shark Tank
5,@pulkitchhabra6,4 months ago,Looks like the ad has been written by Tanmay Bhatt and gang.
5,@m2malay49,4 months ago,Extraordinary
5,@chotipencil,4 months ago,Highest registration on your way Sharks. Brilliant
5,@vineetsingh3918,3 months ago,Clever
5,@mindit98,2 weeks ago,"But again this is advertisement only, employees keep forced to work hard, 10-12 hrs is normal and voluntarily resignation is new norm if any cost damage occurs.... Mostly jobs are not for employee centric, doens't matter it gets lakhs  of GPTW."
5,@Azad-e-Balochistan,4 months ago,Let's go
5,@sanketdesai55,5 months ago,"Common India let's ""Startup""."
5,@TroveTrails,4 months ago,Creative and awesome add . Got goosebumps watching this.
5,@HariomYadav-js3qi,4 months ago,Narayana Murthy
5,@AnimeStores-j8h,4 months ago,Lvl
5,@srilata2070,2 months ago,"This is a superb and meaningful ad that genuinely raises public awareness, unlike the rest, which merely try to mislead."
5,@Quizlytics-ok,4 months ago (edited),Oh my God . Kya sarcasm hai.....
5,@aakashgupta_ag,4 months ago,Nailed it
5,@Yogesh6174.,4 months ago,Creativity
5,@JatinSayss.,4 months ago,Pls this time on television as well as ott ! Plssssss
5,@ayushhhhh1133,5 months ago,cool
5,@AmitRaj-em9sv,4 months ago,Rest in ppt
5,@vinaynagia3570,4 months ago,below the belt hit
5,@adityarajpal-hg5xc,4 months ago,No bawesh aggarwal harmed in this video
5,@amitclasher,5 months ago,W  Advertisement
5,@DevAnand-h5b,4 months ago,Crazyyyyyyy......
5,@satyanarayanpati7634,5 months ago,Ad marketing at its very very best
5,@krishnarakhunde815,4 months ago,150 crore paint house got me
5,@Focused187,4 months ago,Most interesting ads
5,@raghavtrehan2534,4 months ago,Mannn this is sooooo goooddddddd!!
5,@VasudevShuklaMG,5 months ago,Aakhir kahna kya chahte ho registration are open but not registered
5,@VivekMehndi,4 months ago,Mai bhi aa rha hu
5,@debarghyachakrabarti9868,4 months ago,Dude Ô∏è
5,@deshanashakya2138,4 months ago,Interesting commercial. Enjoyed watching it
5,@LakshyaParmar-o8i,4 months ago,The creativity
5,@nakulsj,5 months ago,Rest in PPT.. very well made
5,@SOMEON-v9p,4 months ago,narayana Murthy
5,@akshatgupta7105,4 months ago,Bestttt
5,@yourname____,4 months ago,This add is soo good still less views let's viral it by sharing
5,@prateekydv07,5 months ago,Add writer
5,@shubhamhhhhhh,4 months ago,Really liked it
5,@VIPERFUTURE,4 months ago,Awesome
5,@sachinkhamitkar6433,5 months ago,Kadak kadak kadak
5,@nickecho,4 months ago,"They challenged me not to register, now I'll register for it."
5,@fitnessfreaksumit,5 months ago,First time in india
5,@nicks6766,5 months ago,Brilliant
5,@gauravpoudel912,4 months ago,Bigg Boss ka voice
5,@04dotprvi,4 months ago,Where is k kirthivasan for reducing the bench time but still have 90 days notice period
5,@Tejnarayanshah01,4 months ago,BIG BOSS VOICE
5,@Sensisuiiiiii6264,4 months ago,Big boss ki awaaj
5,@iUtkarshBarnwal,4 months ago,"Agar har Teacher principal banega to padhayega kon?


Agar Har lawyer Judge banega to case ladega kon?


Aakhir jo start-up kholega use bhi to Employees chaiye honge, kahi wo employees naye startup kholne chale gaye to?"
5,@shreyashdeepjain6301,4 months ago,"Registrations are open, but don't register"
5,@aadityasingh9284,4 months ago,"Bhavish aggarwal has been very quiet since this dropped. He's the one who says ""Saturday and Sunday is not an Indian thing it's a western thing"""
5,@holodis,4 months ago,bro they choose violence Ô∏è
5,@Deski-r7p,4 months ago,I likes first ad in my entire life
5,@ZapZapTV123,4 months ago,50hrs per wk should be maximum (lunch time included)
5,@KKvision4u,4 months ago,Bigboss ka voice over accha laga
5,@plantwoman963,5 months ago,What an ad
5,@sravanisangam,4 months ago,No Vijaya Malaya was hurt in this!
5,@Info_PB,4 months ago,Wow! Hats off to the creativity of the ad makers Ô∏è
5,@subhamoychanda3044,4 months ago,absolute banger
5,@ArunKumre-s3o,5 months ago,Best ad
5,@deepulim,4 months ago,What a creation  Jai ho @SharkTankIndia
5,@PrimeSpark-o,4 months ago,Wow so creative
5,@barshanpanja4027,4 months ago,Ohhh My God This is Crazy
5,@sukhdevsharma4211,4 months ago,Great add
5,@futureorieantedgains,4 months ago,This ad should reach 9 billion people living in the world
5,@akgamer500,5 months ago,Now Roast to old school business
5,@ankan9690,4 months ago,Damn
5,@ApekshitRajSingh,4 months ago,Brilliant ad! but someone had to work 70 hours to edit this!
5,@Navratrispecails,4 months ago,"Bhai Shark tank ka Promtion kar rhe ya 
Shark tank ka bhattha baitha rhw ...kya matlab hai ki registarion na karein"
5,@imtiazhalder,5 months ago,Aisa kuch bohat din baad dekha. Really amazing 9-5 gulamo ko bohat hit hua hoga
5,@AbirPalDev,5 months ago,No Narayan murthy harmed in this video
5,@Philip_Arrow,4 months ago,Really a creative ad
5,@CinemaStatINDIA,4 months ago,Bring this season ASHNEER GROVER please
5,@harshthekadi-p4p,5 months ago,Loved it..
5,@MajitechnicalAi123,4 months ago,Marking skills on peak
5,@adityathaware1909,4 months ago,Samay Raina Technique
5,@vivekjaiswal0404,4 months ago,"Why so less view, bcoz employees are busy 9-5"
5,@SapphireTvYt,5 months ago,Ye kya bawal bana diye ho be
5,@navneetbaghel7716,5 months ago,Amazing
5,@toto_2k23,5 months ago,Soft spot targeted
5,@LORDITACHI24,4 months ago,Hahahaha absolutely magnificent
5,@MEDANPAWAN,4 months ago,Big boss sound
5,@GAUTAMBARMAN-y5n,4 months ago,Oh shit
5,@HiraShaibalReal,5 months ago,Beautifully done!
5,@jamiatahlehadeesofficialhydsec,5 months ago,"At the end saying don't register is too much 
That will affect the outcome"
5,@Theunfilteredyogi,5 months ago,Are bhyiii
5,@LoveU-j7r,4 months ago,Narayan Murthy ki to le liye guru
5,@Kittycatty7,4 months ago,Remive Chinese aman plss
5,@rakibulhasan1413,5 months ago,Awesome
5,@gamingslayer.,5 months ago,So so sick ad this time
5,@devdesai4101,4 months ago,‡§Æ‡•á‡§®‡•á ‡§Ö‡§¨ ‡§§‡§ï ‡§ï‡§æ ‡§∞‡§ö‡§§‡§Æ‡§ï ‡§ê‡§° ‡§¶‡•á‡§ñ‡§æ ‡§≠‡§æ‡§à‡§∏‡§æ‡§π‡§¨
5,@yusufshaikh7568,4 months ago,No Narayana Murthy Was Harmed In This Video
5,@Sadhosh,5 months ago,brilliant ad. reverse psychology!
5,@mrjack4000,5 months ago,Superb
5,@gauravdey6299,4 months ago,Cr boss will make millionaire and we are poor and poor
5,@Middle2Millions,5 months ago,Hello sir can you hear me at the grave - stuck hard
5,@ishu_.07,4 months ago,Best ad
5,@ankursharma3280,2 months ago,Hahaha
5,@rabbanisheikh3304,2 months ago (edited),Based on True Story.. L&T & Infosys
5,@PawanBhadanawithStudentEkta,3 months ago,Last date of registration
5,@SalinSharma-y9z,5 months ago,Slapped so hard!
5,@LakshitChaplot,4 months ago,Jisne bhi yeh add banaya hoga woh bahut jyada frustrated hoga pakka
5,@RaviKumar-bs6yx,4 months ago,"Kya ad mara hai , logo ko ungli karo bus taki tumhara dhanda chalte rhe"
5,@faisalshaikh_dir,4 months ago,"Wow DO NOT APPLE  


Presented for Dedicated Workcoholic!!"
5,@Sohil601,5 months ago,Amazing AD
5,@arkangel8380,5 months ago,Next applicant: Narayan Murthy
5,@heisenberg213,5 months ago,Cook
5,@adarsh946,5 months ago,@tanmaybhatt nailed it
5,@ArunKumre-s3o,5 months ago,Best ad i ever seen  ü´∂
5,@johnalmeida1483,4 months ago,Awesome
5,@AmitKumarAlphaX,4 months ago,Awesome
5,@meditationsmoothmusic2977,5 months ago,Bigg Boss voice
5,@jamesknight01s,4 months ago,Register karu ya na karu
5,@Junctionbox-we8bi,4 months ago (edited),Bro they cooked Ad of the year
5,@axoboy,5 months ago,WTF Slapping but working overtime not resolved by L&E
5,@SayanMajumder-g8x,4 months ago,Shark tank also know how to play
5,@aboi9865,5 months ago,So are they capitalists or not?
5,@JatinSayss.,4 months ago,It comes on TV or OTT ?
5,@gaurabmahanta2511,4 months ago,Troll karne ka style thoda casual hain...
5,@Dream2Startup-u3s,4 months ago,Kay hi rost kiya hai aap ne
5,@Sangeetasharma-t8e,5 months ago,Gajab add
5,@shivaandtyler,4 months ago,"The opening line is pure cringe. 
The rest of the ad is pure genius."
5,@shivangvyas886,5 months ago,Level Up Ô∏èÔ∏èÔ∏è
5,@deep15399,5 months ago,Bina dekhe bol rha hu... Ye sayad Tanmay Bhat ke karm kaand hain
5,@Rememberingpast,4 months ago,Asheer sir hain ya nahi ?
5,@aj-bg5,4 months ago (edited),"100k is very less 
By the way sony is the biggest risk taker when they had the rights of ipl , it used to hit different also they are the only one who launched full fledged comedy channel sab their ott platform also has good quality I agree with this strategy they will never be bigger than star in india but their range of shows  is the best in india"
5,@Work-k7i,4 months ago,Do not apply why?
5,@OmgIsThatDave,5 months ago,"Please give me start up idea. So, I  can apply for Shark Tank and leave my 6-3 job."
5,@Sattvikspirit,4 months ago,Yeh kya hai bhai
5,@GharKiKhetiHindi,5 months ago,Bahut hard
5,@afzynn,5 months ago,Mashallah
5,@Hashasino,4 months ago,Peak
5,@avinashpawar51,4 months ago,Hilarious  and sadly its really
5,@dmforcode,5 months ago,70 hours
5,@analyscience,4 months ago,ye toh tana maar rahe hai sarkar ko
5,@royalmusic12928,4 months ago,Kuch samaj me nahi aaya bhai kehana kya chahate ho?
5,@amitgharami9540,4 months ago,What an add
5,@zuberkhan3754,4 months ago,"‡§∏‡§Æ‡§Ø ‡§∞‡•à‡§®‡§æ ‡§ï‡•Ä ‡§ï‡•â‡§™‡•Ä ‡§ï‡§∞ ‡§∞‡§π‡•á ‡§π‡•à 
‡§Ø‡•á ‡§µ‡§π‡•Ä‡§Ç ‡§π‡•à ‡§ú‡•ã ‡§Æ‡•Ç‡§µ‡•Ä ‡§Æ‡•à ‡§≠‡•Ä ‡§¨‡•ç‡§∞‡§æ‡§Ç‡§° ‡§ï‡§æ ‡§®‡§æ‡§Æ ‡§¨‡•ç‡§≤‡§∞ ‡§ï‡§∞ ‡§¶‡•á‡§§‡•á ‡§•‡•á"
5,@SheenDigital,4 months ago,Ab is AD ka kia matlab he. Job karain ya Shark Tank India me Businness Man banane ke lie apply karain. badi confusion ho gayi yaar
5,@Akash-y3l7e,4 months ago,W script from a tv channel..
5,@bong....uronchondi329,4 months ago,I will not
5,@aakash3651,4 months ago,People writing comments are working for billionaire
5,@sonukumar-kh3xg,5 months ago,‡§ó‡§º‡§ú‡§º‡§¨
5,@mysterylearner6346,4 months ago,mujhe apne  ke liye 10 lakh chahiye luxury expression & wealth holder service provider company h.... koi partner banega
5,@GuidingHandsConsultancy,4 months ago,Wapis Sony channel pe aana hi pada
5,@yashtech4261,4 months ago,Haha
5,@DarkFire-f4h,4 months ago,Why Shark uploading this type of content
5,@BLOODLINEYT-yy6xv,3 months ago,Matlab gulam banaane ki puri tyari chal rahi hai
5,@aayushmankatiyar5862,4 months ago,Communism hi apna lo
5,@RobertShresthawolf,5 months ago,moonshot did it again
5,@sandipan_06,4 months ago,not recommended for 9 to 5 job dwellers
5,@vikrantvinkare,4 months ago,BC
5,@‡¶¶‡ßÇ‡¶∞‡¶®‡ßç‡¶§‡¶™‡¶•‡¶ø‡¶ï-‡¶•‡ß®‡¶≤,5 months ago,Please bring back ashneer
5,@KroverBangla,4 months ago,Hats off to PR team
5,@nitesh8604,4 months ago,"As if shark tank has given some out of box companies 


Bas chipa , ice cream , chocolate...isi ko toh funding dete hai"
5,@AmitKumar-fi5yt,5 months ago,Sar se chhat chin gayi
5,@bfm-bhaisaabfilmsmusic,4 months ago (edited),Registration are open but dont register
5,@shivamjha9591,4 months ago,"Advertise 
Reality"
5,@cyber_vortex99,5 months ago,"We don't want namita in shark tank, cause she always says ""I am out"""
5,@kiran5143,5 months ago,Sarcastic
5,@Oneminvisit,4 months ago,Rest in PPT
5,@suvojitmandal6117,5 months ago,Sach me 70 ghante kaam na krne baith jaye log
5,@AnujThakur-ht7ht,5 months ago,Shark tank got latent
5,@writtenmoviereviews,4 months ago,Bigg boss se dubb kraya
5,@LakshitChaplot,4 months ago,This is called Negative Marketing
5,@MHMARATHIGAMER,5 months ago,Pehele khud ka business start mar loo  fir registered karunga
5,@Okz-l6c,4 months ago,muskesh Adani Adar poonawala mittal birla godrej etc
5,@electroboost999,4 months ago,Not interested
5,@HelloCinemaAB,5 months ago,Registrations are open but dont register
5,@Horror_Treasure,5 months ago,Vote for Ashneer Grover
5,@ranjingundu8065,5 months ago,Mind-blowing ad.
5,@tejassen4410,4 months ago,"Irony? Everyone wants life like them. Sabko luxury cars chaiye, sabko multinational company ka owner banna he aur insta par luxury lifestyle flex karna he. Aur un logo ko galat bolke hansa he. Ab aur kuch bolunga ko vivad hojayeg"
5,@SaritaKumari-k1d7p,4 months ago (edited),What about AI replacing all employers and yet business keeps running? This add has loopholes...As these ceos will not worry anymore for having no human employees
5,@arvindgupta_ji,4 months ago,Your stunt has been failed.
5,@RajGupta-hl2yg,5 months ago,Bhai kaam jada karne me dikat nai hai par paisa bhii to do uska
5,@abrarmullan1,5 months ago (edited),Irony that Sharks are also one of them billionaires.
5,@codemodeon6755,5 months ago,where is the registration link
5,@pankajmathuria8373,5 months ago,Slap to labour culture
5,@yashmalhotra9,4 months ago,What an Anti-Ad!
5,@piyushpati7319,4 months ago,"So, copycat shark tank plagiarised ""don't apply"" from Anduril industries"
5,@Crazy22-g2r,4 months ago,Master piece modi ji should promote this video
5,@jyotish--das,4 months ago,After becoming arabpati leave india
5,@venktesh6600,5 months ago,"Great ad, but total ""Genuineness"" comes to the show if you are able bring Ashneer Grover back."
5,@berlin8539,4 months ago,"Remove Aman Gupta.. over confident Most egoistic arrogant shark..
Then namita thapar who have just inherited the business of her father she even dont know how to make a buisness.."
5,@falakbhardwaj01,4 months ago,Instagram se dekh ker kon kon Ayaa
5,@sushmitakumari3804,4 months ago,Kya nautanki hai
5,@FforfreeNet,5 months ago,"Shame on  and  who were trained to built business, but work like slaves for there MNC bosses"
5,@cookingdriver987,5 months ago (edited),"but isn't  that a paradox, once we start our business we will want our employees to work overtime and the cycle will continue and then they will quit and we will become sad like the bosses shown here. lol.
Best is to become self sufficient. I know , yes not possible practically, but ideal solution is to , i repeat ideal solution is to .................................................................................( share your ideas guys  in the reply  section if  this comment  catches your eye)"
5,@BikeWari,5 months ago,"Every Pan thela, Kulfi wala, Chai wala is now calling themselves a START UP BUSINESS... Stop fooling people. Its a business for investors.. If you think you are out of slavery of bosses then hat's off to you because you are now going to fall in to Slavery of Investors"
